open;high;low;close;volume;marketCap;timestamp
36573.1823550037;36624.3595960026;35482.1327440579;36040.9223501524;37795577489.27;685953792235.64;"2022-05-06T23:59:59.999Z"
36042.5036939934;36129.9255204253;34940.8246733344;35501.9541442019;24375896405.9;675729532873.68;"2022-05-07T23:59:59.999Z"
35502.9402038303;35502.9402038303;33878.9645692059;34059.2642505879;36763041910.24;648302121215.01;"2022-05-08T23:59:59.999Z"
34060.0154816197;34222.0733234167;30296.9534000531;30296.9534000531;63355494961.42;576716899022.88;"2022-05-09T23:59:59.999Z"
30273.654218841;32596.3078359205;29944.802737422;31022.9054122253;59811038817.27;590565398299.36;"2022-05-10T23:59:59.999Z"
31016.1827523335;32013.4014927546;28170.4130858639;28936.3550311122;70388855817.93;550870071633.8;"2022-05-11T23:59:59.999Z"
28936.7339259087;30032.4389484654;26350.4901742248;29047.7510038538;66989173272.36;553017241734.59;"2022-05-12T23:59:59.999Z"
29030.9103910716;30924.8027176216;28782.3296577337;29283.103811543;42841124537.45;557525025253.19;"2022-05-13T23:59:59.999Z"
29285.6430028713;30192.8031935087;28702.9095341841;30101.2664459848;28579868619.98;573129618194.88;"2022-05-14T23:59:59.999Z"
30098.5866261369;31308.1913582629;29527.7403707191;31305.1125686764;25835372064.61;596074575228.33;"2022-05-15T23:59:59.999Z"
31304.374144248;31305.3425986839;29251.8855581398;29862.9182412919;32613897286.17;568643328349.1;"2022-05-16T23:59:59.999Z"
29862.4081929416;30694.490950877;29570.3019001848;30425.857276796;29101473475.43;579391415566.42;"2022-05-17T23:59:59.999Z"
30424.4792225503;30618.715981161;28720.2713997454;28720.2713997454;31285268318.53;546936441379.51;"2022-05-18T23:59:59.999Z"
28720.3585631289;30430.7522309591;28708.9550418266;30314.3349534984;33773447706.67;577316228899.3;"2022-05-19T23:59:59.999Z"
30311.1193461763;30664.9763670009;28793.6060336771;29200.7400877833;30749382604.8;556131920268.79;"2022-05-20T23:59:59.999Z"
29199.8590065676;29588.8688149389;29027.3938182935;29432.2259634811;17274840441.5;560565793081.53;"2022-05-21T23:59:59.999Z"
29432.4723986064;30425.8605130009;29275.1827640655;30323.7218952694;21631532269.67;577568895835.72;"2022-05-22T23:59:59.999Z"
30309.3964800086;30590.5864837253;28975.5596093713;29098.909745734;31483454556.82;554268758109.31;"2022-05-23T23:59:59.999Z"
29101.1252943246;29774.3547202654;28786.5894517928;29655.58613284;26616506244.9;564895173841.06;"2022-05-24T23:59:59.999Z"
29653.1352936197;30157.7845345246;29384.9493491208;29562.3612655464;27525063551.25;563145244691.91;"2022-05-25T23:59:59.999Z"
29564.7765107969;29834.1592888614;28261.9057088448;29267.2246712304;36774325352.43;557547946793.11;"2022-05-26T23:59:59.999Z"
29251.1408637204;29346.9430247971;28326.6136487276;28627.5748531586;36582005748.16;545388222663.76;"2022-05-27T23:59:59.999Z"
28842.1038446105;29135.9182578598;28554.5660193876;29023.4880392653;19252320707.98;552958193308.48;"2022-05-28T23:59:59.999Z"
29019.8674141315;29498.0088389573;28841.1064887385;29445.9576239208;18093886409.16;561034743433.25;"2022-05-29T23:59:59.999Z"
29443.3657109831;31949.6316183118;29303.571633074;31726.3906858653;39277993273.94;604513442525.64;"2022-05-30T23:59:59.999Z"
31723.8651015418;32249.8639341789;31286.1543455629;31792.3099432754;33538210634.3;605797887876.49;"2022-05-31T23:59:59.999Z"
31792.5538087129;31957.2843170438;29501.5885232255;29799.0797135195;41135817340.95;567842680885.87;"2022-06-01T23:59:59.999Z"
29794.8900797802;30604.7348586759;29652.7049833489;30467.4877414342;29083562061.06;580603466872.23;"2022-06-02T23:59:59.999Z"
30467.8068396067;30633.0344757636;29375.6893020883;29704.3913570693;26175547451.56;566088081691.13;"2022-06-03T23:59:59.999Z"
29706.139572537;29930.5639469047;29500.0063498064;29832.9142253244;16588370958.43;568564420350.11;"2022-06-04T23:59:59.999Z"
29835.1181317702;30117.7434474995;29574.4495314888;29906.6617477915;17264085440.89;569996838236.88;"2022-06-05T23:59:59.999Z"
29910.2837235964;31693.2901114808;29894.1873301778;31370.6719476925;31947336828.66;597927548347.45;"2022-06-06T23:59:59.999Z"
31371.7412599943;31489.6832523575;29311.6835562575;31155.4787018498;40770974039.33;593857882016.71;"2022-06-07T23:59:59.999Z"
31151.4798946644;31253.6908607416;29944.4034808823;30214.356242025;30242059107.41;575953219487.92;"2022-06-08T23:59:59.999Z"
30215.2789745803;30609.3104880579;30020.2648432245;30111.9979224235;21692004719.49;574029141738.88;"2022-06-09T23:59:59.999Z"
30110.3295199028;30245.8086237771;28978.1470531645;29083.8047209541;29867476526.98;554455834485.63;"2022-06-10T23:59:59.999Z"
29084.666534528;29401.9162962048;28236.2119169078;28360.811358542;27246574438.64;540698499860.06;"2022-06-11T23:59:59.999Z"
28373.5142522495;28502.685070938;26762.6490379039;26762.6490379039;34163220273.81;510252464820.78;"2022-06-12T23:59:59.999Z"
26737.5776601486;26795.5898175946;22141.2575407059;22487.3879258459;68204556439.95;428759852105.36;"2022-06-13T23:59:59.999Z"
22487.9871750921;23018.9507654132;20950.8182797178;22206.7927900583;50913575242.48;423429131864.08;"2022-06-14T23:59:59.999Z"
22196.7301834792;22642.6723546281;20178.3760405906;22572.8398231902;54912007015.02;430432160005.57;"2022-06-15T23:59:59.999Z"
22576.305346187;22868.9211355563;20265.2257119101;20381.6512129024;31183975653.76;388664840556.76;"2022-06-16T23:59:59.999Z"
20385.7187101434;21243.3120420882;20326.5185645264;20471.4818924914;27132421513.81;390391528176.49;"2022-06-17T23:59:59.999Z"
20473.4249789315;20736.0410609155;17708.6237125896;19017.6423550215;42009436760.13;362685324229.12;"2022-06-18T23:59:59.999Z"
19010.9020841202;20683.821565938;18067.15191869;20553.2718217472;35329942624.94;391988917193.6;"2022-06-19T23:59:59.999Z"
20553.3702544391;20913.3219024242;19689.1695110104;20599.5379647956;30818458597.14;392888024958.72;"2022-06-20T23:59:59.999Z"
20594.2948372014;21620.62852029;20415.061882275;20710.597101739;28970212744.12;395025644879.73;"2022-06-21T23:59:59.999Z"
20719.41392721;20835.7503482133;19848.0786676282;19987.0290493797;28574793477.85;381240087223.77;"2022-06-22T23:59:59.999Z"
19986.607101581;21135.7622370547;19950.1162252256;21085.8771612422;26188097172.81;402219959760.78;"2022-06-23T23:59:59.999Z"
21084.6480617906;21472.917912877;20777.5115803289;21231.6557714446;24957784918.21;405018505024.32;"2022-06-24T23:59:59.999Z"
21233.6098714228;21520.9146376497;20964.5850076037;21502.3386880262;18372538715.34;410202265385.35;"2022-06-25T23:59:59.999Z"
21496.4947397853;21783.7247658329;21016.2688061921;21027.2953088067;18027170496.51;401157940864.2;"2022-06-26T23:59:59.999Z"
21028.2382267284;21478.0893638064;20620.1985073849;20735.4779474249;20965695707.02;395606854741.09;"2022-06-27T23:59:59.999Z"
20731.5443463851;21164.4240972544;20228.8115792347;20280.6356501458;21381535160.78;386949194397.61;"2022-06-28T23:59:59.999Z"
20281.1694611799;20364.1560967338;19937.7910783669;20104.0231777817;23552740327.93;383598071095.42;"2022-06-29T23:59:59.999Z"
20108.3123376304;20141.1603609993;18729.6562279337;19784.7264946249;26267239923.25;377526215552.49;"2022-06-30T23:59:59.999Z"
19820.4704741998;20632.671261281;19073.7084047514;19269.3666859098;30767551158.55;367709366218.78;"2022-07-01T23:59:59.999Z"
19274.8362829748;19371.7476574216;19027.0813551026;19242.255580241;18100418739.96;367208487556.97;"2022-07-02T23:59:59.999Z"
19242.0947628176;19558.2688658035;18966.9506341661;19297.0760827928;16390821947.43;368272636367.55;"2022-07-03T23:59:59.999Z"
19297.3141855828;20258.7472098173;19063.0661953686;20231.2615118026;21594638208.11;386119553712.38;"2022-07-04T23:59:59.999Z"
20225.3534364236;20635.4677410245;19341.2331538775;20190.1146695234;26715546990.31;385349780369.64;"2022-07-05T23:59:59.999Z"
20194.6194989241;20595.5296078308;19823.5112028015;20548.2458719695;24598943708.23;392200896304.73;"2022-07-06T23:59:59.999Z"
20547.8142411523;21771.8165530893;20296.1031222911;21637.5877502437;25814972520.24;413013947459.11;"2022-07-07T23:59:59.999Z"
21637.1550515826;22314.9405374086;21257.453547475;21731.1165833973;49899834488.21;414819851681.33;"2022-07-08T23:59:59.999Z"
21716.8285854815;21877.1393217129;21445.9562353204;21592.2060743303;29641127858.06;412185216767.56;"2022-07-09T23:59:59.999Z"
21591.0808021627;21591.0808021627;20727.123494758;20860.4493930623;28688807249.03;398237577323.43;"2022-07-10T23:59:59.999Z"
20856.352967685;20856.352967685;19924.5397968986;19970.556593233;24150249024.63;381264246558.41;"2022-07-11T23:59:59.999Z"
19970.4750229398;20043.4454066637;19308.5306169019;19323.914856106;25810220017.7;368936762200.6;"2022-07-12T23:59:59.999Z"
19325.9727246501;20223.0526478927;18999.953131779;20212.073498093;33042430345.48;385908229967.86;"2022-07-13T23:59:59.999Z"
20211.4659555454;20789.8936721942;19689.258743334;20569.9200615284;31158743333.4;392755738689.37;"2022-07-14T23:59:59.999Z"
20573.1562979175;21138.2433270448;20396.9991343854;20836.3286445243;25905575358.62;397861215081.44;"2022-07-15T23:59:59.999Z"
20834.104129429;21514.4033302194;20518.8987819735;21190.3156676219;24302954056.04;404639672831.08;"2022-07-16T23:59:59.999Z"
21195.0412138346;21600.6401193599;20778.1798752236;20779.3445398509;22927802082.64;396808327004.88;"2022-07-17T23:59:59.999Z"
20781.9115039967;22633.0334362237;20781.9115039967;22485.6892521761;39974475561.94;429412153274.1;"2022-07-18T23:59:59.999Z"
22467.8500961444;23666.9622537083;21683.4063763923;23389.4328464795;48765202697.15;446690803766.25;"2022-07-19T23:59:59.999Z"
23393.1920116301;24196.8192139777;23009.949763201;23231.7319651172;42932549127.33;443696738856.27;"2022-07-20T23:59:59.999Z"
23233.2019709128;23388.3221721635;22431.1493945308;23164.6287547047;33631012203.97;442435421338.91;"2022-07-21T23:59:59.999Z"
23163.7520625768;23671.9285284238;22603.4151006765;22714.9791482287;31421555645.94;433866028177.06;"2022-07-22T23:59:59.999Z"
22706.9834272109;22977.2110015504;22002.9106148295;22465.4776274248;24021799168.58;429122209145.36;"2022-07-23T23:59:59.999Z"
22465.5092660661;22974.0026721759;22306.840180485;22609.164770669;23565495302.99;431888879541.1;"2022-07-24T23:59:59.999Z"
22607.1555467717;22649.1213665683;21361.6434545441;21361.700521904;35574561406.16;408078695877.99;"2022-07-25T23:59:59.999Z"
21361.1218713035;21361.1218713035;20776.8160824806;21239.7543798251;28624673855.33;405770108604.64;"2022-07-26T23:59:59.999Z"
21244.1695591889;22986.5294030049;21070.8061258165;22930.5484457;31758955233.31;438095993233.22;"2022-07-27T23:59:59.999Z"
22933.6412489688;24110.4699196849;22722.2651232758;23843.8862077382;40212386157.74;455565748691.77;"2022-07-28T23:59:59.999Z"
23845.2123738942;24294.7864568312;23481.1731396691;23804.6332345672;35887249745.78;454837507676.2;"2022-07-29T23:59:59.999Z"
23796.8186106216;24572.5794217469;23580.5084844794;23656.2070255842;28148218300.58;452020722098.65;"2022-07-30T23:59:59.999Z"
23652.0696621219;24121.6425782597;23275.7025004507;23336.8956049843;23553591896.25;445941074223.04;"2022-07-31T23:59:59.999Z"
23336.7180518604;23464.7862772244;22890.7960211693;23314.1994325371;25849159140.74;445527356895.96;"2022-08-01T23:59:59.999Z"
23308.434172793;23415.041329171;22710.0839796372;22978.1165929475;28389250717.43;439128030641.55;"2022-08-02T23:59:59.999Z"
22981.3027057546;23578.650444504;22747.8364404392;22846.5070579755;26288169966.18;436633304289.21;"2022-08-03T23:59:59.999Z"
22848.2143845004;23198.0101072399;22485.7006555715;22630.9567321334;25120229769.19;432532599006.89;"2022-08-04T23:59:59.999Z"
22626.8333912751;23422.8276961138;22612.1785145741;23289.3142774141;28881249043.31;445137234251.88;"2022-08-05T23:59:59.999Z"
23291.4240607937;23326.561622217;22961.2789671291;22961.2789671291;15978259884.75;438890198160.7;"2022-08-06T23:59:59.999Z"
22963.5062436219;23359.0090763146;22894.5562352504;23175.8908490806;15886817042.79;443014963855.4;"2022-08-07T23:59:59.999Z"
23179.5270499854;24203.6888656304;23176.5472532816;23809.4871145188;28575544847.49;455148536623.69;"2022-08-08T23:59:59.999Z"
23811.4835215919;23898.6153695442;22981.9999273799;23164.3179862813;23555719218.86;442835162483.49;"2022-08-09T23:59:59.999Z"
23162.898849424;24127.4144160912;22771.520469829;23947.64342535;32837431721.55;457833729141.91;"2022-08-10T23:59:59.999Z"
23948.346127206;24822.629682616;23900.9968657803;23957.5301942682;37127036580.1;458043109398.07;"2022-08-11T23:59:59.999Z"
23957.2030605314;24412.5661055952;23657.2653043183;24402.8185057558;27265804687.74;466578839477.74;"2022-08-12T23:59:59.999Z"
24402.187470618;24860.0503581936;24346.1147127212;24424.0678311507;22987346288.83;467007252128.58;"2022-08-13T23:59:59.999Z"
24429.0574370816;24974.9142088493;24206.2597723946;24319.3339226;22994133555.22;465024405299.05;"2022-08-14T23:59:59.999Z"
24318.3154830385;25135.5903960686;23839.7749751036;24136.9724246641;35123501684.8;461560003436.79;"2022-08-15T23:59:59.999Z"
24126.1364825776;24228.4156115245;23733.4993295004;23883.2905467346;27753685645.65;456730745422.92;"2022-08-16T23:59:59.999Z"
23881.3155123574;24407.0579067141;23243.3544559916;23335.9982223605;30931623076.08;446283604019.97;"2022-08-17T23:59:59.999Z"
23341.0389780106;23563.8315937306;23177.6024699687;23212.7390770428;23747613147.14;443947256035.75;"2022-08-18T23:59:59.999Z"
23213.3132415999;23213.3132415999;20868.847438639;20877.5536922194;40509610259.78;399309311305.82;"2022-08-19T23:59:59.999Z"
20872.8421735014;21350.8062991651;20856.7313355791;21166.060396105;27595671000.41;404848126556.26;"2022-08-20T23:59:59.999Z"
21160.3927831764;21668.8459077384;21103.1968084256;21534.1212308142;23102307723.19;411906673576.29;"2022-08-21T23:59:59.999Z"
21531.4638488066;21531.4638488066;20939.1841727079;21398.9083503016;31666498757.58;409340103013.27;"2022-08-22T23:59:59.999Z"
21401.0456699597;21646.2037618365;20955.1381560818;21528.087371684;31878280659.1;411833237128.08;"2022-08-23T23:59:59.999Z"
21526.4555930855;21783.0757227463;21195.0066949108;21395.0200714925;31962253368.02;409308514098.09;"2022-08-24T23:59:59.999Z"
21395.4583899891;21789.6368362852;21362.4412599083;21600.9051416699;31028679593;413267825941.47;"2022-08-25T23:59:59.999Z"
21596.085314557;21804.9080080991;20199.4833838913;20260.0186494241;42326789563.56;387636192940.59;"2022-08-26T23:59:59.999Z"
20262.4803110224;20340.774563674;19890.5233282503;20041.7384530551;30116729775.56;383478483268.59;"2022-08-27T23:59:59.999Z"
20041.0348039542;20139.0542332829;19616.8149844439;19616.8149844439;24366810590.82;375367382007.85;"2022-08-28T23:59:59.999Z"
19615.1533628598;20357.4632334576;19600.7850348256;20297.9946353065;32637854077.72;388422039679.33;"2022-08-29T23:59:59.999Z"
20298.61208083;20542.644969648;19617.6409500442;19796.8094024105;34483360282.77;378850670474.32;"2022-08-30T23:59:59.999Z"
19799.5813157872;20420.9904201752;19799.5813157872;20049.7631893726;33225232872.06;383710102294.98;"2022-08-31T23:59:59.999Z"
20050.4986698419;20198.3911984996;19653.9684588823;20127.1402694309;30182031009.86;385208305831.58;"2022-09-01T23:59:59.999Z"
20126.0727809015;20401.567633276;19814.7660489836;19969.7711774602;29123998927.55;382212933183.84;"2022-09-02T23:59:59.999Z"
19969.7183469169;20037.0106485969;19698.355192333;19832.0877293385;23613051457.08;379595440556.6;"2022-09-03T23:59:59.999Z"
19832.4712955665;19999.6896450479;19636.8165736549;19986.71383922;25245861651.62;382576542382.13;"2022-09-04T23:59:59.999Z"
19988.7898184332;20031.1602515742;19673.0473387536;19812.3714787542;28813460025.44;379258182345.46;"2022-09-05T23:59:59.999Z"
19817.7240655724;20155.2687168601;18800.1716550661;18837.667712375;43403978910.41;360616650169.4;"2022-09-06T23:59:59.999Z"
18837.6833207735;19427.172670785;18644.4672270585;19290.3238735938;35239757133.88;369299496559.04;"2022-09-07T23:59:59.999Z"
19289.940569121;19417.3515932252;19076.7145234635;19329.8349334266;32194477849.95;370071738762.96;"2022-09-08T23:59:59.999Z"
19328.1399294633;21439.4093171623;19310.9625754389;21381.1528552866;48469528170.65;409363809141.16;"2022-09-09T23:59:59.999Z"
21376.9117145388;21760.2757705752;21168.7217218009;21680.539413428;36913738894.15;415117548315.38;"2022-09-10T23:59:59.999Z"
21678.5435697066;21770.5531906344;21406.9446411116;21769.2563395567;34493951963.3;416840289162.08;"2022-09-11T23:59:59.999Z"
21770.1481330587;22439.1810089793;21603.8957792787;22370.448649932;50212088965.2;428373958242.42;"2022-09-12T23:59:59.999Z"
22371.4806397841;22673.8197662856;20062.6706994888;20296.7078138753;51091116621.52;388682319976.46;"2022-09-13T23:59:59.999Z"
20184.555325165;20467.2014327824;19793.3967181663;20241.0898018307;37872380889;387631908834.78;"2022-09-14T23:59:59.999Z"
20242.2899083879;20318.1663918808;19636.7337742868;19701.2099625661;36389011503.32;377311288517.09;"2022-09-15T23:59:59.999Z"
19704.0054405263;19870.6297658167;19400.0754493035;19772.5842055678;30123362272.94;378693173324.34;"2022-09-16T23:59:59.999Z"
19777.0340283315;20162.5320217713;19777.0340283315;20127.5766571789;24957448100.3;385513277844.78;"2022-09-17T23:59:59.999Z"
20127.2339476275;20127.2339476275;19387.4913478311;19419.506190767;31254779143.63;371970445843.4;"2022-09-18T23:59:59.999Z"
19418.5714215096;19639.4797325487;18390.3187095743;19544.1292496743;40177002623.56;374373522207.39;"2022-09-19T23:59:59.999Z"
19545.5912754153;19602.4567458839;18813.4550109729;18890.7890963691;36791346508.26;361876433047.07;"2022-09-20T23:59:59.999Z"
18891.2828895318;19674.6303314785;18290.315188225;18547.3997598262;46363793974.56;355314855623.96;"2022-09-21T23:59:59.999Z"
18534.6495954773;19456.9109010622;18415.5914968551;19413.5516208219;41135767926.23;371923967755.44;"2022-09-22T23:59:59.999Z"
19412.3999254216;19464.6723483926;18617.5530098977;19297.6378400087;38896078052.07;369718966324.75;"2022-09-23T23:59:59.999Z"
19296.990703569;19310.1976076117;18861.9739989585;18937.0111756715;26149643167.68;362826506171.96;"2022-09-24T23:59:59.999Z"
18936.311515242;19134.7331942683;18696.4683038168;18802.0979756765;23359966112.45;360259346858.07;"2022-09-25T23:59:59.999Z"
18803.9006328979;19274.8734982574;18721.2858513532;19222.6721841704;44148798320.6;368335944295.86;"2022-09-26T23:59:59.999Z"
19221.8407127512;20338.4554611365;18915.6687222744;19110.5465509918;58571439618.96;366202733264.3;"2022-09-27T23:59:59.999Z"
19104.6207895026;19688.3443733361;18553.2973576077;19426.7213316789;53071298733.51;372279603227.33;"2022-09-28T23:59:59.999Z"
19427.7801905231;19589.2662114892;18924.3534530707;19573.0503140007;41037843771.3;375100872175.06;"2022-09-29T23:59:59.999Z"
19573.4314212308;20109.8503013076;19265.6623997088;19431.7894465994;43975248084.73;372414733487.45;"2022-09-30T23:59:59.999Z"
19431.1049459172;19471.1548671102;19231.0818744273;19312.0947321314;18719537669.88;370142714486.9;"2022-10-01T23:59:59.999Z"
19311.8487082258;19370.3092809335;18970.6205832529;19044.1072723711;20765955327.49;365024821953.69;"2022-10-02T23:59:59.999Z"
19044.0678498115;19653.5429529049;19025.2262854468;19623.580334556;30484729488.71;376151028151.32;"2022-10-03T23:59:59.999Z"
19623.5846894487;20380.3441825203;19523.8401239583;20336.842949206;35887278684.83;389843287588.34;"2022-10-04T23:59:59.999Z"
20335.8995793765;20343.7485202691;19801.8006612025;20160.7161716068;33223790572.36;386489739242.67;"2022-10-05T23:59:59.999Z"
20161.0384382098;20408.3918398816;19900.0885329785;19955.4436723686;34711412966.17;382574032285.78;"2022-10-06T23:59:59.999Z"
19957.5590804174;20041.0855798292;19395.7932402119;19546.8497101499;29227315390.11;374761116006.47;"2022-10-07T23:59:59.999Z"
19546.3288377398;19601.6954551175;19299.4136190281;19416.5678495233;16437423166.71;372284398575.26;"2022-10-08T23:59:59.999Z"
19417.4794111661;19542.5386535421;19349.2589533994;19446.4261941327;16837262532.25;372876821416.38;"2022-10-09T23:59:59.999Z"
19446.4162251338;19515.4672876602;19102.9792396234;19141.4835050122;27425022773.59;367049182259.43;"2022-10-10T23:59:59.999Z"
19138.9998774831;19241.9602356953;18925.6032218176;19051.4182694773;28711532910.3;365340817941.08;"2022-10-11T23:59:59.999Z"
19052.6457860076;19203.1986510517;19029.7583291291;19157.4462868525;24950173846.05;367391447229.96;"2022-10-12T23:59:59.999Z"
19156.966613327;19453.3279714913;18319.8226296141;19382.9040336331;44219840003.89;371731749298.26;"2022-10-13T23:59:59.999Z"
19382.533972178;19889.1462709754;19115.4073184994;19185.656700327;38452356726.7;367967465552.59;"2022-10-14T23:59:59.999Z"
19185.4373038114;19212.5416076166;19019.2501252192;19067.6350822884;16192235531.97;365722351004.5;"2022-10-15T23:59:59.999Z"
19068.9135599379;19389.6035200638;19068.9135599379;19268.0928008619;17988916650.36;369584293835.81;"2022-10-16T23:59:59.999Z"
19268.5621023075;19635.8022813631;19173.3347235856;19550.7572999132;27472552998.34;375024092833.74;"2022-10-17T23:59:59.999Z"
19550.466742932;19666.9950059677;19144.7701762788;19334.4151499829;30580012344.21;370891718468.24;"2022-10-18T23:59:59.999Z"
19335.0264414519;19348.4168096206;19127.6883699574;19139.5343513894;22425387183.91;367171621206.39;"2022-10-19T23:59:59.999Z"
19138.0850568701;19315.1989686457;18971.4586492749;19053.7402405368;24493974419.53;365543015077.49;"2022-10-20T23:59:59.999Z"
19053.2030456165;19237.3856061517;18770.9700605115;19172.4692172692;32459287865.69;367839754255.23;"2022-10-21T23:59:59.999Z"
19172.380608581;19248.0676722118;19132.2431934133;19208.1902460043;16104440957.47;368541303588.26;"2022-10-22T23:59:59.999Z"
19207.7346507752;19646.6515415466;19124.196964845;19567.0073980529;22128794335.13;375444263357.02;"2022-10-23T23:59:59.999Z"
19567.7695803849;19589.1245755281;19206.3243067081;19345.5723482851;30202235804.59;371211779873.32;"2022-10-24T23:59:59.999Z"
19344.964420214;20348.4115841778;19261.4471258532;20095.8564554472;47761524909.94;385624152241.56;"2022-10-25T23:59:59.999Z"
20092.2371880952;20938.1338126875;20076.1177715753;20770.4412716294;58895950537.09;398588922090.83;"2022-10-26T23:59:59.999Z"
20772.8030271027;20854.0442159331;20255.3731443355;20285.8367757017;49625110402.03;389306507854.33;"2022-10-27T23:59:59.999Z"
20287.9560947863;20724.980299643;20086.0682301131;20595.3519366012;43994715910.3;395266756395.28;"2022-10-28T23:59:59.999Z"
20595.1038419697;20988.3944704236;20566.4846167248;20818.4761644388;40369840645.23;399567972100.27;"2022-10-29T23:59:59.999Z"
20817.9822518424;20917.0062398519;20547.4634247745;20635.6037476843;31486345555.64;396075135322.21;"2022-10-30T23:59:59.999Z"
20633.6960710953;20795.3212231777;20287.4590879886;20495.7742320325;45668466815.41;393413045572.67;"2022-10-31T23:59:59.999Z"
20494.8976229392;20647.2897203577;20359.8454797164;20485.2732430903;39819303159.15;393230695987.89;"2022-11-01T23:59:59.999Z"
20482.9596937554;20742.8110110662;20087.1344836206;20159.5030671045;55552169483.42;386993271473.89;"2022-11-02T23:59:59.999Z"
20162.6892278966;20382.0963206451;20086.2409033906;20209.9874150039;43228750179.43;387983112928.37;"2022-11-03T23:59:59.999Z"
20208.7694981217;21209.5610423054;20188.0187146493;21147.2297322385;64072727949.72;405992446610.67;"2022-11-04T23:59:59.999Z"
21144.8314657888;21446.8860966908;21097.6354171085;21282.6912959164;37846047609.23;408613690153.42;"2022-11-05T23:59:59.999Z"
21285.0566639114;21345.3767927888;20920.1906840362;20926.4859738215;35082693210.3;401792318391.34;"2022-11-06T23:59:59.999Z"
20924.6204840491;21053.2461495293;20489.9733436956;20602.8167252699;53510852236.18;395596352770.07;"2022-11-07T23:59:59.999Z"
20600.6727471588;20664.6065202996;17603.5443690046;18541.2718532238;118992465606.57;356030188152.67;"2022-11-08T23:59:59.999Z"
18543.7612496199;18590.4595695809;15682.6928427807;15880.7798491723;102905151606.28;304958504278.2;"2022-11-09T23:59:59.999Z"
15883.1582269152;18054.3117790661;15834.0180932521;17586.7714495473;83202283720.96;337735690619.8;"2022-11-10T23:59:59.999Z"
17583.2524305101;17650.9440525421;16543.4823901353;17034.2931347133;55871616488.33;327139766936.22;"2022-11-11T23:59:59.999Z"
17036.8754084418;17066.6754912523;16651.7747697243;16799.1847383999;29717699419.42;322642084634.09;"2022-11-12T23:59:59.999Z"
16799.7222910557;16920.766400155;16320.6351532761;16353.3657171761;27209183682.26;314093257178.25;"2022-11-13T23:59:59.999Z"
16352.0285634204;17109.323354055;15872.9416126748;16618.1992288908;49630243054.06;319192915033.18;"2022-11-14T23:59:59.999Z"
16617.4847379897;17051.9619672047;16542.551267216;16884.6139070546;36599436182.62;324326299579.98;"2022-11-15T23:59:59.999Z"
16884.3411879443;16960.2951783623;16430.1112817802;16669.4401447741;33925512988.62;320208159886.93;"2022-11-16T23:59:59.999Z"
16670.4267562003;16726.4388447882;16460.6834870428;16687.5179505411;27868914021.95;320570440520.86;"2022-11-17T23:59:59.999Z"
16687.9115750712;16947.0584011119;16564.6116800308;16697.7776677865;26862218608.57;320781106962.52;"2022-11-18T23:59:59.999Z"
16696.2199051826;16797.8769973611;16570.4107483511;16711.5477937965;16106223491.51;321061621175.61;"2022-11-19T23:59:59.999Z"
16712.9204583677;16746.7801572696;16248.6928292993;16291.8324676929;21313378651.69;313012826679.9;"2022-11-20T23:59:59.999Z"
16291.223799579;16291.223799579;15599.0471753829;15787.2840945218;37429485517.93;303332140406.92;"2022-11-21T23:59:59.999Z"
15782.3012305363;16253.0477467021;15656.6060601161;16189.7695319341;30726828760.3;311078520948.59;"2022-11-22T23:59:59.999Z"
16195.5886697744;16638.1924865387;16170.502495775;16610.7064149352;32958875628.23;319180537510.23;"2022-11-23T23:59:59.999Z"
16611.6376723586;16771.4752431789;16501.7680548846;16604.4650179543;26129037414.48;319074189335.14;"2022-11-24T23:59:59.999Z"
16602.2695164974;16603.3169928826;16388.4049535141;16521.8410189608;18678255975.67;317499392769.32;"2022-11-25T23:59:59.999Z"
16521.5770249101;16666.8629270058;16416.22869026;16464.2810793656;18000008764.22;316404791284.87;"2022-11-26T23:59:59.999Z"
16463.8831715903;16594.405472442;16437.0253344115;16444.6268345485;20443898508.94;316040534591.72;"2022-11-27T23:59:59.999Z"
16440.2220878988;16482.9335433104;16054.5302153408;16217.3224676411;27743025156.05;311686396568.46;"2022-11-28T23:59:59.999Z"
16217.6399037709;16522.2574706655;16139.3962752471;16444.9832700291;23581685467.5;316074930082.57;"2022-11-29T23:59:59.999Z"
16445.4774885523;17190.9382730078;16445.4774885523;17168.5655484864;29523576583.08;329997633644.39;"2022-11-30T23:59:59.999Z"
17168.0021376253;17197.4972534447;16888.3878876144;16967.1336671008;22895392882.21;326142124579.08;"2022-12-01T23:59:59.999Z"
16968.6832614793;17088.6604094023;16877.8815958777;17088.6604094023;19539705127.46;328491679165.28;"2022-12-02T23:59:59.999Z"
17090.0984850759;17116.0408055326;16888.1408071604;16908.236795124;16217776703.79;325037180854.75;"2022-12-03T23:59:59.999Z"
16908.1704770796;17157.7672395866;16903.4398276459;17130.4859472168;16824520830.08;329323845088.74;"2022-12-04T23:59:59.999Z"
17128.8940804496;17378.1533102833;16922.4318687598;16974.8256651336;22209086834.09;326346115859.9;"2022-12-05T23:59:59.999Z"
16975.239124186;17091.8641751072;16939.9223489269;17089.5037060098;19889922369.03;328566216152.49;"2022-12-06T23:59:59.999Z"
17089.5062701866;17109.3774938957;16750.5581344286;16848.1276289005;19675404388.75;323943465219.08;"2022-12-07T23:59:59.999Z"
16847.350249704;17267.9157630195;16788.7838235415;17233.4740199151;20496603769.86;331370511897.98;"2022-12-08T23:59:59.999Z"
17232.14800263;17280.5461649486;17100.8362497541;17133.1520141413;20328426366.41;329458400093.47;"2022-12-09T23:59:59.999Z"
17134.2213652805;17216.8255926135;17120.6843227631;17128.7237102156;12706781968.8;329389313682.63;"2022-12-10T23:59:59.999Z"
17129.7113333088;17245.6352839084;17091.8199897402;17104.1928057162;14122486832.21;328933297475.65;"2022-12-11T23:59:59.999Z"
17102.5006494509;17212.563876631;16899.3937850102;17206.4383006718;19617581340.83;330914961275.37;"2022-12-12T23:59:59.999Z"
17206.4404839219;17930.0868389008;17111.7631524623;17781.3188354598;26634741631.05;341988994228.35;"2022-12-13T23:59:59.999Z"
17782.0668780371;18318.530584361;17652.0983126836;17652.0983126836;25900123362.05;339521782853.53;"2022-12-14T23:59:59.999Z"
17813.6441227018;17846.744460573;17322.5900671217;17364.8649112629;20964448340.77;334010450284.36;"2022-12-15T23:59:59.999Z"
17364.5464432688;17505.5250524957;16584.7013982805;16647.4834788286;24031608959.5;320225997953.71;"2022-12-16T23:59:59.999Z"
16646.9825672479;16800.5901927499;16614.0289473808;16795.0909672135;14463581825.22;323078968931.9;"2022-12-17T23:59:59.999Z"
16795.6092258732;16815.3865755439;16697.8200345579;16757.9774032466;10924354698.17;322379914497.22;"2022-12-18T23:59:59.999Z"
16759.0409268239;16807.5265740651;16398.1362516753;16439.679646163;17221074813.55;316271488936.78;"2022-12-19T23:59:59.999Z"
16441.7868000999;17012.9847052964;16427.8672387638;16906.3052104215;22722096614.76;325263465984.55;"2022-12-20T23:59:59.999Z"
16904.5273540499;16916.7998823679;16755.912213186;16817.534386551;14882945044.81;323570505189.58;"2022-12-21T23:59:59.999Z"
16818.3802876537;16866.6743267635;16592.4074544474;16830.3414239344;16441573050.1;323831438044.37;"2022-12-22T23:59:59.999Z"
16829.6435860359;16905.2193599891;16794.4593522212;16796.9521712163;15329265212.56;323203056785.65;"2022-12-23T23:59:59.999Z"
16796.9766195206;16864.7028789056;16793.5281845114;16847.7552651546;9744636213.3;324190184505.64;"2022-12-24T23:59:59.999Z"
16847.5053641059;16860.5539711216;16755.253233558;16841.9870522838;11656379938.06;324093186300.93;"2022-12-25T23:59:59.999Z"
16842.2493105753;16920.1236404674;16812.3700759233;16919.8051749285;11886957803.69;325604307791.2;"2022-12-26T23:59:59.999Z"
16919.2916501236;16959.8464760475;16642.073182208;16717.1739801271;15748580239.21;321717198701.45;"2022-12-27T23:59:59.999Z"
16716.4002205682;16768.1703555248;16497.5570388408;16552.5717365145;17005713920.05;318567071312.32;"2022-12-28T23:59:59.999Z"
16552.3224906863;16651.7566638037;16508.6831532318;16642.3426718856;14472237478.79;320309344585.85;"2022-12-29T23:59:59.999Z"
16641.3298242645;16643.4274095726;16408.4751768261;16602.5851557701;15929162909.56;319559502979.58;"2022-12-30T23:59:59.999Z"
16603.6747026431;16628.9869973035;16517.519222395;16547.4953660162;11239186456.23;318516317872.25;"2022-12-31T23:59:59.999Z"
16547.9143978715;16630.4390027154;16521.233430529;16625.0805507091;9244361699.89;320025834692.4;"2023-01-01T23:59:59.999Z"
16625.5103941178;16759.3440229184;16572.2288497449;16688.4713573932;12097775226.69;321262452550.73;"2023-01-02T23:59:59.999Z"
16688.8472638592;16760.4474659846;16622.3703282563;16679.8570798137;13903079206.51;321111951654.75;"2023-01-03T23:59:59.999Z"
16680.2049714198;16964.5851854634;16667.7637251347;16863.2382582833;18421743322.29;324658229824.73;"2023-01-04T23:59:59.999Z"
16863.4720568268;16884.0221164772;16790.2830406922;16836.7366452236;13692758566.46;324163886549.58;"2023-01-05T23:59:59.999Z"
16836.4734391553;16991.9941211705;16716.4222705217;16951.9695166293;14413662912.72;326401273258.71;"2023-01-06T23:59:59.999Z"
16952.1169810139;16975.016620564;16914.1920801119;16955.0774351588;7714767174.32;326478273136.7;"2023-01-07T23:59:59.999Z"
16954.1457258497;17091.1444513033;16924.0500739253;17091.1444513033;9768827914.24;329114546384.43;"2023-01-08T23:59:59.999Z"
17093.9924981225;17389.9575514263;17093.9924981225;17196.5540596395;18624736865.86;331160060320.4;"2023-01-09T23:59:59.999Z"
17192.9500944457;17484.7208924046;17162.991166987;17446.292509299;15808338948.79;335987993694.35;"2023-01-10T23:59:59.999Z"
17446.3602720665;17987.6335493591;17337.9949977618;17943.8976294683;18307186523.32;346303640718.24;"2023-01-11T23:59:59.999Z"
17944.0687339418;19030.0876366382;17919.2317058357;18869.5880552656;34971338710.34;363433455081.14;"2023-01-12T23:59:59.999Z"
18868.9059378421;19964.3227279643;18753.1642622097;19909.5746247506;29225029693.63;383483154873.96;"2023-01-13T23:59:59.999Z"
19910.5366570655;21075.1418299576;19907.8284635609;20976.2997963921;38967784639.05;404052157141.45;"2023-01-14T23:59:59.999Z"
20977.484195217;20993.7486958535;20606.9872383992;20880.7992021821;19298407543.31;402234665331.34;"2023-01-15T23:59:59.999Z"
20882.2238766183;21360.8742794775;20715.7462141198;21169.6327806964;26792494049.72;407818156777.17;"2023-01-16T23:59:59.999Z"
21175.8332602034;21438.6593578573;20978.5336242013;21161.5192199162;24999983362.13;407681958151.49;"2023-01-17T23:59:59.999Z"
21161.0508997004;21564.5022129631;20541.544548774;20688.7807298648;30005625417.91;398593008037.23;"2023-01-18T23:59:59.999Z"
20686.7459060612;21163.0122882271;20685.3811808606;21086.7933048443;21152848260.91;406279900295.03;"2023-01-19T23:59:59.999Z"
21085.3723377742;22692.3578308247;20919.1259836821;22676.5517588881;28799154319;436928964721.29;"2023-01-20T23:59:59.999Z"
22677.4273824208;23282.3477215567;22511.8331340198;22777.6258091326;32442278429.47;438896650641.24;"2023-01-21T23:59:59.999Z"
22777.9866614216;23056.7296500712;22387.9004628596;22720.4156286391;24746386230.08;437814457018.41;"2023-01-22T23:59:59.999Z"
22721.0886719506;23126.4863454372;22654.3044696935;22934.4314643586;26518700511.88;441960667796.84;"2023-01-23T23:59:59.999Z"
22929.6277356711;23134.0120466001;22549.744513105;22636.4693111916;26405069714.63;436237993963.62;"2023-01-24T23:59:59.999Z"
22639.2671675238;23722.0988087405;22406.0755024251;23117.8596819048;30685366708.98;445539806080.32;"2023-01-25T23:59:59.999Z"
23108.9544867974;23237.0771689385;22911.3733512336;23032.7775987084;26357839322.09;443923229458.15;"2023-01-26T23:59:59.999Z"
23030.7172856477;23417.7209724548;22654.5934084354;23078.7278799123;25383335641.41;444830940521.37;"2023-01-27T23:59:59.999Z"
23079.9643325667;23165.8958842871;22908.846464031;23031.0897756201;14712928379.05;443936922524.46;"2023-01-28T23:59:59.999Z"
23031.4492355484;23919.8897614092;22985.0701306067;23774.5659233116;27423687259.16;458291157032.27;"2023-01-29T23:59:59.999Z"
23774.6489666425;23789.3471776992;22657.5821676256;22840.13890738;27205595568.34;440298767854.8;"2023-01-30T23:59:59.999Z"
22840.7960906001;23225.0214038861;22765.5684994408;23139.2839099123;22837828665.18;446082285297.19;"2023-01-31T23:59:59.999Z"
23137.8351361505;23764.5392941707;22877.7506525544;23723.7696534847;26683255504.12;457370104397.91;"2023-02-01T23:59:59.999Z"
23720.8235172754;24167.210232202;23468.5952825572;23471.8704412794;32066936882;452534728124.07;"2023-02-02T23:59:59.999Z"
23469.41250714;23678.1025764755;23279.9557414819;23449.3216215066;27083066007.24;452119476083.72;"2023-02-03T23:59:59.999Z"
23446.3207269726;23556.9488050843;23291.7956588871;23331.8471370961;15639298538.02;449874457148.45;"2023-02-04T23:59:59.999Z"
23332.2476009512;23423.4356115385;22841.7603125011;22955.6660162974;19564262605.21;442642331535.6;"2023-02-05T23:59:59.999Z"
22954.0219641729;23119.2799503201;22692.0259840498;22760.1092633004;23825006541.98;438893838655.36;"2023-02-06T23:59:59.999Z"
22757.2675418795;23310.975071817;22756.2582769853;23264.2911876916;27187964470.79;448636152158.08;"2023-02-07T23:59:59.999Z"
23263.4151260445;23367.9592874059;22731.098213301;22939.3987006841;25371367757.61;442391167095.22;"2023-02-08T23:59:59.999Z"
22946.5655186068;22996.4375107837;21773.9746140573;21819.0399147365;32572572185.34;420806214870.32;"2023-02-09T23:59:59.999Z"
21819.0064204049;21941.185603317;21539.3928305144;21651.1837829361;27078406593.87;417588395181.59;"2023-02-10T23:59:59.999Z"
21651.8418620036;21891.4105629778;21618.4497276175;21870.8740640545;16356226232;421847190488.29;"2023-02-11T23:59:59.999Z"
21870.9025018492;22060.9946065574;21682.8287747068;21788.2039862606;17821046405.57;420274300806.28;"2023-02-12T23:59:59.999Z"
21786.9992632743;21898.4138396757;21460.0885038644;21808.1017736009;23918742607.37;420678828415.31;"2023-02-13T23:59:59.999Z"
21801.8231464442;22293.1400934501;21632.3939838592;22220.8041436975;26792596580.6;428662088256.18;"2023-02-14T23:59:59.999Z"
22220.5853384745;24307.8413284844;22082.7690807679;24307.8413284844;32483312909.3;468947166603.22;"2023-02-15T23:59:59.999Z"
24307.3501977993;25134.1173501961;23602.522501391;23623.4744808063;39316664596.38;455770787833.36;"2023-02-16T23:59:59.999Z"
23621.2824942638;24924.0400603084;23460.7560266313;24565.6019889467;41358451254.72;473972409615.04;"2023-02-17T23:59:59.999Z"
24565.2959998509;24798.8355706509;24468.3736308589;24641.2769484258;19625427157.74;475459130854.86;"2023-02-18T23:59:59.999Z"
24640.0272214209;25093.0551495442;24327.6416722827;24327.6416722827;25555105669.92;469431477134.26;"2023-02-19T23:59:59.999Z"
24336.6233404821;25020.4595125254;23927.9092534735;24829.1475699492;28987376572.9;479132405758.14;"2023-02-20T23:59:59.999Z"
24833.0489142974;25126.851685722;24200.3641163385;24436.354484576;31252098713.68;471577656114.25;"2023-02-21T23:59:59.999Z"
24437.4184799228;24472.3397572186;23644.3177157894;24188.8429766943;30199996780.9;466821375594.42;"2023-02-22T23:59:59.999Z"
24190.7189835462;24572.0894214544;23693.9194852587;23947.492523176;30476264066;462189287816.46;"2023-02-23T23:59:59.999Z"
23946.0078636716;24103.7044834567;23007.071326645;23198.1274878832;26811744927.57;447747058643.64;"2023-02-24T23:59:59.999Z"
23200.1258534291;23210.2110723344;22861.5586648141;23175.3756358425;16100721565.07;447323985682.72;"2023-02-25T23:59:59.999Z"
23174.1507687151;23654.3673746458;23084.2216397241;23561.2129109163;16644534841.91;454795165822.83;"2023-02-26T23:59:59.999Z"
23561.4506815245;23857.8911252628;23205.8792453501;23522.871914506;22660763494.22;454075216419.73;"2023-02-27T23:59:59.999Z"
23521.8388223949;23585.3840695392;23077.6503704068;23147.3533899085;20535363433.98;446846764116.35;"2023-02-28T23:59:59.999Z"
23150.9299581785;23880.6324628676;23088.6266999013;23646.549899145;24662841199.56;456508161672.8;"2023-03-01T23:59:59.999Z"
23647.0194731298;23739.1380767792;23245.0214332402;23475.4667376623;20386398516.25;453226586695.74;"2023-03-02T23:59:59.999Z"
23476.6337312584;23479.3480937656;22213.2375937663;22362.6793319333;26062404610.39;431765463285.53;"2023-03-03T23:59:59.999Z"
22362.9230267909;22405.1769535758;22198.9810093926;22353.3500739307;11166012913.03;431607268094.04;"2023-03-04T23:59:59.999Z"
22354.1435981558;22613.685230682;22307.1433134221;22435.5141969735;13317001732.58;433216160786.45;"2023-03-05T23:59:59.999Z"
22436.8167758974;22584.2938087023;22331.3148283697;22429.7575333463;17353192895.19;433122543176.49;"2023-03-06T23:59:59.999Z"
22428.3223896888;22527.4186416807;22011.2624966569;22219.7690709418;22765452203.97;429090671120;"2023-03-07T23:59:59.999Z"
22216.4423211022;22268.8962521879;21708.0505060405;21718.0798304321;22536575684.49;419421447158.25;"2023-03-08T23:59:59.999Z"
21720.0793175611;21802.7166811718;20210.3067467507;20363.0211117254;30364664170.83;393268847887.5;"2023-03-09T23:59:59.999Z"
20367.0017771358;20370.595398116;19628.2543094205;20187.2436476163;39578257695.31;389890609883.9;"2023-03-10T23:59:59.999Z"
20187.8770747332;20792.5256924445;20068.6603124152;20632.4096293926;30180288175.61;398509689462.45;"2023-03-11T23:59:59.999Z"
20628.0290344583;22185.0311108771;20448.8062610768;22163.949951915;29279035521.01;428114557464.91;"2023-03-12T23:59:59.999Z"
22156.4066753221;24550.8374857613;21918.19993089;24197.5329977753;49466362688.47;467417380966.85;"2023-03-13T23:59:59.999Z"
24201.7660061459;26514.7171655285;24081.1826516623;24746.0746588477;54622230163.97;478037073214.71;"2023-03-14T23:59:59.999Z"
24770.925668703;25240.6158183485;23964.909846877;24375.9613578312;43655701450.2;470908667056.64;"2023-03-15T23:59:59.999Z"
24373.4566170173;25190.3269844926;24225.1109586283;25052.789721748;33866061746.62;484005642386.83;"2023-03-16T23:59:59.999Z"
25055.12321927;27787.8122252255;24955.1690552856;27423.9306340492;50730261335.05;529839581714.46;"2023-03-17T23:59:59.999Z"
27448.1172696105;27725.9534162099;26636.2609459753;26965.8797570266;35723036817.12;521018360376.26;"2023-03-18T23:59:59.999Z"
26969.5037878128;28440.5612172583;26907.7162737127;28038.6749467651;37769448858.69;541771324421.11;"2023-03-19T23:59:59.999Z"
28041.6019174942;28527.7242227414;27242.8807029191;27767.2363318262;44774027663.55;536553055078.31;"2023-03-20T23:59:59.999Z"
27768.3920318154;28439.5615887102;27439.6470941503;28175.8168354249;36102192830.48;544473344614.66;"2023-03-21T23:59:59.999Z"
28158.7199918061;28803.3359206694;26759.9962331222;27307.4367684133;33382021889.86;527720639354.35;"2023-03-22T23:59:59.999Z"
27301.9574943549;28729.8434696783;27183.3637407073;28333.9727113788;24220433689.12;547590658474.12;"2023-03-23T23:59:59.999Z"
28324.1116952049;28388.4377455639;27039.2654315026;27493.2851436235;25980310960.02;531370969956.36;"2023-03-24T23:59:59.999Z"
27487.3377383863;27791.82560276;27196.2338295048;27494.7068783775;13383005987.37;531424045822.58;"2023-03-25T23:59:59.999Z"
27495.523958251;28178.1444372132;27445.0463549252;27994.3295142227;13878363191.96;541106062437.58;"2023-03-26T23:59:59.999Z"
27994.0679232525;28037.9258606414;26606.6890011395;27139.8885305221;18188895177.73;524615890807.42;"2023-03-27T23:59:59.999Z"
27132.8889214451;27460.7194594252;26677.8187281128;27268.1314829145;17783600384.84;527117850100.66;"2023-03-28T23:59:59.999Z"
27267.0321746002;28619.5433888008;27259.6611804101;28348.442342812;20684945905.97;548025510532.62;"2023-03-29T23:59:59.999Z"
28350.141491188;29159.9026178662;27720.1593376162;28033.5631503957;22435349950.56;541964802720.42;"2023-03-30T23:59:59.999Z"
28032.2622677886;28639.8960837575;27583.7152600683;28478.4846056804;19001327597.88;550593053896.62;"2023-03-31T23:59:59.999Z"
28473.3318011971;28802.4574784469;28297.1724976454;28411.0342430924;10876469900.68;549318113504.07;"2023-04-01T23:59:59.999Z"
28462.8448011161;28518.9584078453;27884.0870913286;28199.3083837745;12284641999.34;545245950698.05;"2023-04-02T23:59:59.999Z"
28183.0803582438;28475.6225074989;27276.7199488097;27790.2208547736;19556501326.93;537360742269.69;"2023-04-03T23:59:59.999Z"
27795.2743239989;28433.7429759972;27681.3050566141;28168.0898164027;15284538858.55;544693901827.85;"2023-04-04T23:59:59.999Z"
28169.726952854;28739.2381106536;27843.7644954278;28177.9835569508;17052315986.14;544910072721.85;"2023-04-05T23:59:59.999Z"
28175.2270773749;28178.3843123757;27738.759361406;28044.1397549441;13837809380.28;542349825341.83;"2023-04-06T23:59:59.999Z"
28038.9669696205;28111.5932841216;27794.0318258101;27925.8594084129;10861680497.27;540086456069.02;"2023-04-07T23:59:59.999Z"
27920.5127785287;28159.8627798755;27883.386552621;27947.7945496942;9373255556;540536533674.58;"2023-04-08T23:59:59.999Z"
27952.3676156125;28532.8299692781;27828.4814105435;28333.0500476249;12175322950.95;548015190714.46;"2023-04-09T23:59:59.999Z"
28336.0282374011;29771.46392891;28189.2707713694;29652.9800970841;19282400094.3;573568312635.13;"2023-04-10T23:59:59.999Z"
29653.679647446;30509.0836664564;29609.3013680349;30235.0589389553;20121259843.07;584854674446.17;"2023-04-11T23:59:59.999Z"
30231.5816232396;30462.480941487;29725.5733501584;30139.052871052;18651929926.37;583034311648.57;"2023-04-12T23:59:59.999Z"
29892.7394598771;30539.8464812825;29878.6221634081;30399.0663854918;17487721001.39;588084165990.41;"2023-04-13T23:59:59.999Z"
30409.5616914944;31005.6080444729;30044.497509619;30485.7000292553;22659995079.31;589786626446.89;"2023-04-14T23:59:59.999Z"
30490.7492724237;30601.7401642927;30245.881938716;30318.4969530646;11940685377.62;586582359795.4;"2023-04-15T23:59:59.999Z"
30315.9764166222;30555.5376334409;30157.8323252603;30315.3554561203;12854816416.5;586546802552.23;"2023-04-16T23:59:59.999Z"
30317.1456974152;30319.1965766039;29275.3710576336;29445.0449049628;17872186762.03;569735854496.74;"2023-04-17T23:59:59.999Z"
29449.0917046267;30470.3020147381;29154.8493708622;30397.5527355226;19480529496.02;588197752221.23;"2023-04-18T23:59:59.999Z"
30394.1879043593;30411.0537908765;28669.8982681516;28822.6804729009;24571565420.76;557748035703.28;"2023-04-19T23:59:59.999Z"
28823.6828624372;29076.4010485199;28037.2572572235;28245.9873104934;21340360359.79;546611911812.66;"2023-04-20T23:59:59.999Z"
28249.2312707237;28349.9678577085;27177.3652995742;27276.9096875756;20759504329.87;527883377617.69;"2023-04-21T23:59:59.999Z"
27265.8950162583;27872.1431679039;27169.5711204099;27817.5009174373;13125734602.38;538371205878.3;"2023-04-22T23:59:59.999Z"
27816.1447925761;27820.2444909276;27400.3137358677;27591.3846319068;12785446832.04;534020212996.71;"2023-04-23T23:59:59.999Z"
27591.7295218905;27979.9819006629;27070.8494995525;27525.3394995911;17703288330.24;532766516006.96;"2023-04-24T23:59:59.999Z"
27514.8723912188;28371.0776961978;27207.9325567409;28307.5980906654;17733373139.17;547928945542.45;"2023-04-25T23:59:59.999Z"
28300.0592743853;29995.8384911174;27324.5490065239;28422.7008784923;31854242019.49;550180352607.55;"2023-04-26T23:59:59.999Z"
28428.4642786789;29871.5463516429;28402.8873866517;29473.7861836728;27153445027.31;570550222405.71;"2023-04-27T23:59:59.999Z"
29481.0135350274;29572.7916927929;28929.6085418823;29340.262498158;17544464887.25;567993007155.91;"2023-04-28T23:59:59.999Z"
29336.5670352512;29452.4552449019;29088.0423364895;29248.4883729176;10662634332.91;566240497928.76;"2023-04-29T23:59:59.999Z"
29245.5155124623;29952.0285526597;29114.0212362778;29268.8070431626;14652199272.27;566661285145.37;"2023-04-30T23:59:59.999Z"
29227.1039819099;29329.9362211056;27680.7926396911;28091.5688038924;18655599976.36;543900696259.74;"2023-05-01T23:59:59.999Z"
28087.174969792;28881.2983804636;27924.1236749807;28680.5369679129;16432924526.63;555325979264.04;"2023-05-02T23:59:59.999Z"
28680.494409625;29259.5332879995;28178.3892452007;29006.3076709086;19122972518.31;561661086030.57;"2023-05-03T23:59:59.999Z"
29031.3044477545;29353.1846595615;28694.0390246895;28847.7115906552;15548678513.55;558617183940.51;"2023-05-04T23:59:59.999Z"